ID,Title,Decision,Rationale,Status,Revision,Date
ADR-001,Independent modules,Each module owns state and is integrated through ASET Protocol; no shared internal tables or direct state mutation.,Preserves replaceability and independent assurance.,ACCEPTED_FOR_RC,1,2026-08-02
ADR-002,Monade ownership,Monade owns Task/Plan/Transition lifecycles only.,Prevents God object and protects module semantics.,SUPERSEDED_BY_RC2,2,2026-08-02
ADR-003,Core independence,"Core has no dependency on Memory, Master, Monade or Gateway.",Keeps normative decision auditable and reusable.,SUPERSEDED_BY_RC2,2,2026-08-02
ADR-004,Memory four-model lifecycle,"Separate EventIngestion, CandidateDecision, MemoryItem lifecycle and EpistemicStatus.",Avoids identity/state mixing.,ACCEPTED_FOR_RC,1,2026-08-02
ADR-005,Verifier authority,Verifier issues VerificationReceipt; Memory applies it and cannot self-verify.,Maintains epistemic independence.,SUPERSEDED_BY_RC2,2,2026-08-02
ADR-006,Decision versus Permit,Core verdict ALLOW is a DecisionRecord; Permit is a separate bounded capability artifact.,Avoids semantic conflation.,SUPERSEDED_BY_RC2,2,2026-08-02
ADR-007,Three transactional boundaries,"Use three local transactions around intent, observation and outcome.",External effects cannot be enclosed in one database transaction.,SUPERSEDED_BY_RC2,2,2026-08-02
ADR-008,Compensation model,Compensation is a new independently authorized transition and only follows evidence of effect footprint.,Preserves causality.,SUPERSEDED_BY_RC2,2,2026-08-02
ADR-009,Master evidence levels,"DESCRIPTIVE, ASSOCIATIONAL, MATCHED_OBSERVATIONAL, QUASI_EXPERIMENTAL, CONTROLLED_EXPERIMENTAL.",Prevents causal overclaiming.,SUPERSEDED_BY_RC2,2,2026-08-02
ADR-010,Canonical protocol profile,Canonical semantic schema and canonical JSON profile are mandatory; binary profiles are optional.,Keeps MVP small and semantics stable.,ACCEPTED_FOR_RC,1,2026-08-02
ADR-011,Provider state,"Provider conversations are disposable caches, never canonical memory.",Enables model portability.,ACCEPTED_FOR_RC,1,2026-08-02
ADR-012,Context read authorization,Monade obtains a Core decision/permit before restricted Memory retrieval in managed/strict profiles.,Separates policy and memory.,ACCEPTED_FOR_RC,1,2026-08-02
ADR-013,Receipts and integrity,All cross-module material decisions produce versioned digest-bearing receipts; strict profile requires signatures.,Supports audit and non-repudiation.,ACCEPTED_FOR_RC,1,2026-08-02
ADR-014,Risk tiers and human gates,R0-R4 determine human control and nondelegable action classes.,Protects accountability and safety.,ACCEPTED_FOR_RC,1,2026-08-02
ADR-015,PostgreSQL role,PostgreSQL is preferred reference platform but not architecture definition.,Avoids technology lock-in.,ACCEPTED_FOR_RC,1,2026-08-02
ADR-016,Outbox dispatch,External effects are dispatched only from durable intent/outbox after commit.,Crash-safe execution.,SUPERSEDED_BY_RC2,2,2026-08-02
ADR-017,Memory indexes,Graph/vector/hierarchy/holographic forms are derived indexes.,Prevents derived data becoming truth.,ACCEPTED_FOR_RC,1,2026-08-02
ADR-018,Task terminal states,"Only COMPLETED, FAILED, CANCELLED, INVALID, SUPERSEDED and EXHAUSTED are terminal; waits/suspension are nonterminal.",Avoids BLOCKED ambiguity.,SUPERSEDED_BY_RC2,2,2026-08-02
ADR-019,Conformance profiles,"Define Core-only, Contextual, Advisory, Managed and Strict profiles.",Makes ASET-compatible claims precise.,SUPERSEDED_BY_RC2,2,2026-08-02
ADR-020,Quality taxonomy,ISO/IEC 25010:2023 is primary quality map; FURPS+ is secondary reporting view.,Removes FURPS ambiguity.,ACCEPTED_FOR_RC,1,2026-08-02
ADR-021,Requirements hierarchy,Stakeholder needs derive system requirements; system requirements derive module/interface/data requirements.,Enables real traceability.,ACCEPTED_FOR_RC,1,2026-08-02
ADR-022,Freeze governance,"Freeze requires owner approval record, hashes, clean-room build and zero open Critical/High findings.",Makes baseline controllable.,ACCEPTED_FOR_RC,1,2026-08-02
ADR-023,Privacy and legal controls,"Legal basis, purpose, jurisdiction, retention, hold and data-subject rights are first-class controls.",Enterprise/regulatory readiness.,ACCEPTED_FOR_RC,1,2026-08-02
ADR-024,Observability privacy,Telemetry contains IDs/digests by default; content requires explicit policy.,Minimizes leakage.,ACCEPTED_FOR_RC,1,2026-08-02
ADR-025,Tool classification,"Tools are Pure, Read, Mutating or Critical; execution path depends on class.",Prevents over-authorizing routine tools.,ACCEPTED_FOR_RC,1,2026-08-02
ADR-026,Unknown handling,"UNKNOWN never implies allow or success; handling is policy-driven evidence request, human escalation or fail-closed.",Safety under uncertainty.,SUPERSEDED_BY_RC2,2,2026-08-02
ADR-027,Reference code status,Existing code is non-normative; compatibility is established only by conformance tests.,Preserves architecture-first source of truth.,ACCEPTED_FOR_RC,1,2026-08-02
ADR-028,Open-source boundary,"Specification, protocol, conformance suite and reference data plane are open; commercial value is support, managed control plane, certifications and process packs.",Aligns Apache 2.0 business model.,ACCEPTED_FOR_RC,1,2026-08-02
ADR-029,Master owns planning and expected change,"ASET Master includes planning, criticism and replanning and is the sole semantic owner and signer of ExpectedChangePatch.",Removes the ownerless Planner and prevents Monade or Core from inventing desired state.,ACCEPTED_FOR_RC,1,2026-08-02
ADR-030,Core is sole Permit issuer,"ASET Core is the only component allowed to create an authority-bearing Permit. Other signatures are evidence, provenance or approval only.",Eliminates dual authority and implicit permissions.,ACCEPTED_FOR_RC,1,2026-08-02
ADR-031,Binary Core resolution and default deny,CoreResolution is PERMITTED or PROHIBITED. No Permit is issued unless explicit issuance conditions are satisfied; no resolution or technical failure is fail-closed.,Creates unambiguous authority semantics.,ACCEPTED_FOR_RC,1,2026-08-02
ADR-032,One document one gate one crossing,"A Permit is bound to one exact document digest, dependency context set, gate instance, crossing ID, actor/execution and one immediate crossing.",Implements least authority and prevents replay or scope transfer.,ACCEPTED_FOR_RC,1,2026-08-02
ADR-033,Immutable signed composite context,"Operational Context is a Merkle-rooted manifest of immutable components signed by semantic owners. Signatures prove origin and integrity, not truth or authority.","Supports auditability, scoped concurrency and independent ownership.",ACCEPTED_FOR_RC,1,2026-08-02
ADR-034,Gate is the linearization point,"A gate atomically validates the source dependency set and Permit, forms a deterministic patch set, creates new context components/root, updates scoped HEADs, consumes Permit and emits a crossing receipt.",Removes TOCTOU and ambiguous distributed state.,ACCEPTED_FOR_RC,1,2026-08-02
ADR-035,Expectation and execution are separately authorized,"Expectation admission and external execution use different documents, gates and incompatible one-shot Permits. ExpectationPermit never authorizes an external effect.",Prevents an authorized goal from becoming broad tool authority.,ACCEPTED_FOR_RC,1,2026-08-02
ADR-036,Two-component Monade,ASET Monade contains semantically independent Execution and Acceptance components. Execution organizes work; Acceptance independently verifies and accepts it.,Prevents self-acceptance by the executor.,ACCEPTED_FOR_RC,1,2026-08-02
ADR-037,Deterministic prompt compilation,Prompt Compiler is a deterministic Monade Execution subsystem that compiles a context projection into PromptManifest; Model Gateway only renders provider format.,Makes model input reproducible and prevents provider state becoming canonical.,ACCEPTED_FOR_RC,1,2026-08-02
ADR-038,Expected observed verified accepted are distinct,"EXPECTED, OBSERVED, VERIFIED/REJECTED/PARTIAL/UNKNOWN and TaskAcceptance are separate typed claims and transitions.",Prevents self-confirming context and false completion.,ACCEPTED_FOR_RC,1,2026-08-02
ADR-039,Memory and operational Context are distinct,ASET Memory owns long-term knowledge; operational Context is a signed task-scoped working projection that can reference Memory receipts.,Avoids invalidating execution on unrelated memory changes.,ACCEPTED_FOR_RC,1,2026-08-02
ADR-040,Scoped context dependencies,Permits declare exact read_set/write_set component digests. Only dependency changes invalidate a Permit; cross-component writes are all-or-nothing.,Enables parallelism without a single global HEAD.,ACCEPTED_FOR_RC,1,2026-08-02
ADR-041,External effect boundary,Dispatch gate commits ExecutionIntent and OutboxCommand in ASET context; it does not claim atomic or exactly-once external effect. Connectors require idempotency and reconciliation.,Makes distributed guarantees honest and implementable.,ACCEPTED_FOR_RC,1,2026-08-02
ADR-042,Machine-readable model is normative,"The JSON/YAML system model, system specification and JSON Schemas are normative package sources. Generated documents and registries must conform to them.",Prevents prose/model drift and enables automated audit.,ACCEPTED_FOR_RC,1,2026-08-02
ADR-043,Acceptance owns outcome classification,"Monade Acceptance owns VerificationVerdict, AcceptanceDecision, operational/normative outcome and TaskAcceptance; Core owns authority only.",Separates power from truth and completion.,ACCEPTED_FOR_RC,1,2026-08-02
ADR-044,Closed-world schema profile,All normative JSON artifacts reject unknown properties and validate date-time formats; OneShotPermit is a closed union of all gate-specific Permit schemas.,Prevents schema confusion and silent authority extension.,ACCEPTED_FOR_RC3,1,2026-08-02
ADR-045,Complete gate contract triads,"Every gate owns a distinct Submission, Permit and append-only Patch schema plus a machine-readable TransitionSpec.",Makes gate semantics implementable and mutation-testable.,ACCEPTED_FOR_RC3,1,2026-08-02
ADR-046,Composite context cryptographic profile,"ASET-MERKLE-1 fixes component leaf fields, canonical ordering, owner mapping and Merkle construction; Ed25519-SHA256-v1 and ASET-JCS-1 have reproducible vectors.",Eliminates ambiguity in context roots and signatures.,ACCEPTED_FOR_RC3,1,2026-08-02
ADR-047,Deterministic prompt contract,"PromptManifest binds source dependencies, projection/compiler/model/tokenizer profiles, token budget, selection policy, canonical messages and prompt bytes digest.",Makes prompt compilation reproducible and auditable.,ACCEPTED_FOR_RC3,1,2026-08-02
ADR-048,Release finalization order,Generated artifacts are rebuilt first; conformance and semantic document hashes are checked; MANIFEST and SHA256SUMS are produced last.,Prevents manifest invalidation by post-manifest document generation.,ACCEPTED_FOR_RC3,1,2026-08-02
