TermID,Term,Definition,Owner,AllowedSynonyms,DeprecatedTerms,Status
TERM-001,ASET,Модульная платформа управляемого выполнения организационных задач.,Architecture Board,,,APPROVED_FOR_RC
TERM-002,ASET Memory,Модуль жизненного цикла организационной памяти и context projection.,Architecture Board,,,APPROVED_FOR_RC
TERM-003,ASET Core,Единственный эмитент одноразовых Permit и доверенное ядро атомарного пересечения нормативных гейтов.,Architecture Board,,,APPROVED_FOR_RC
TERM-004,ASET Master,"Независимый модуль планирования, критики и формирования подписанного ExpectedChangePatch.",Architecture Board,,Mastermind,APPROVED_FOR_RC
TERM-005,ASET Monade,Runtime жизненного цикла Task/Plan/Transition.,Architecture Board,,,APPROVED_FOR_RC
TERM-006,Task,Долгоживущая единица достижения цели с completion contract.,Architecture Board,,,APPROVED_FOR_RC
TERM-007,TaskIntent,Запрос на создание Task до валидации.,Architecture Board,,,APPROVED_FOR_RC
TERM-008,CompletionContract,Машинно проверяемое условие успешного завершения Task.,Architecture Board,,,APPROVED_FOR_RC
TERM-009,PlanRevision,Неизменяемая версия предложенного плана.,Architecture Board,,,APPROVED_FOR_RC
TERM-010,TransitionProposal,Предложение одного действия; не является разрешением.,Architecture Board,,,APPROVED_FOR_RC
TERM-011,Transition,Управляемая единица изменения состояния задачи.,Architecture Board,,,APPROVED_FOR_RC
TERM-012,TransitionGraph,Граф зависимостей Transition одной PlanRevision.,Architecture Board,,,APPROVED_FOR_RC
TERM-013,CoreDecision,DecisionRecord с нормативным verdict; не Permit.,Architecture Board,,,APPROVED_FOR_RC
TERM-014,Permit,"Ограниченный capability artifact, выданный на основании eligible decision.",Architecture Board,,,APPROVED_FOR_RC
TERM-015,PermitUse,"Устаревший термин прежней модели. В активной архитектуре факт одноразового пересечения удостоверяет GateCrossingReceipt, а Permit переходит в CONSUMED.",Architecture Board,,,DEPRECATED_SUPERSEDED_BY_RC2
TERM-016,ExecutionIntent,Зафиксированное намерение выполнить внешний эффект.,Architecture Board,,,APPROVED_FOR_RC
TERM-017,Outbox,Durable queue/record для диспетчеризации committed intent.,Architecture Board,,,APPROVED_FOR_RC
TERM-018,Observation,"Сообщение о том, что было замечено после исполнения; не evidence verdict.",Architecture Board,,,APPROVED_FOR_RC
TERM-019,Artifact,"Материал, созданный или собранный Worker.",Architecture Board,,,APPROVED_FOR_RC
TERM-020,Evidence,"Набор данных, пригодный для проверки claim согласно profile.",Architecture Board,,,APPROVED_FOR_RC
TERM-021,VerificationProfile,Версионированные правила проверки claims и evidence.,Architecture Board,,,APPROVED_FOR_RC
TERM-022,VerificationReceipt,Receipt с PASS/FAIL/UNKNOWN и evaluated claims.,Architecture Board,,,APPROVED_FOR_RC
TERM-023,Outcome,Подтверждённый или явно классифицированный результат Transition/Task.,Architecture Board,,,APPROVED_FOR_RC
TERM-024,RawEvent,Неизменяемое входное событие Memory.,Architecture Board,,,APPROVED_FOR_RC
TERM-025,NormalizedEvent,Provider-neutral представление RawEvent.,Architecture Board,,,APPROVED_FOR_RC
TERM-026,MemoryCandidate,Предложение создать/обновить MemoryItem.,Architecture Board,,,APPROVED_FOR_RC
TERM-027,MemoryItem,Принятая долговременная единица памяти.,Architecture Board,,,APPROVED_FOR_RC
TERM-028,EpistemicStatus,"Статус обоснованности claim, независимый от lifecycle MemoryItem.",Architecture Board,,,APPROVED_FOR_RC
TERM-029,SituationalFrame,Структура SUBJECT/GOAL/STATE/BRANCH/HISTORY/DECISIONS/CONSTRAINTS/REFERENTS/NEXT.,Architecture Board,,,APPROVED_FOR_RC
TERM-030,ContextProjection,Ограниченный набор frame/items/provenance для конкретной цели.,Architecture Board,,,APPROVED_FOR_RC
TERM-031,ContextReceipt,"Receipt формирования ContextProjection, включая omissions и budget.",Architecture Board,,,APPROVED_FOR_RC
TERM-032,ContextFeedback,Наблюдение о фактическом использовании контекста.,Architecture Board,,,APPROVED_FOR_RC
TERM-033,Authority,Основание субъекта действовать в определённом scope.,Architecture Board,,,APPROVED_FOR_RC
TERM-034,Responsibility,Назначенная организационная ответственность за область/результат.,Architecture Board,,,APPROVED_FOR_RC
TERM-035,Capability,Формализованный набор допустимых actions/resources/limits.,Architecture Board,,,APPROVED_FOR_RC
TERM-036,Delegation,Передача подмножества authority без расширения.,Architecture Board,,,APPROVED_FOR_RC
TERM-037,Obligation,"Обязательное действие с responsible principal, trigger и deadline.",Architecture Board,,,APPROVED_FOR_RC
TERM-038,Prohibition,Запрет действия в определённых условиях.,Architecture Board,,,APPROVED_FOR_RC
TERM-039,Waiver,Ограниченное разрешённое исключение из policy.,Architecture Board,,,APPROVED_FOR_RC
TERM-040,Policy precedence,Правила разрешения конфликтов между policies.,Architecture Board,,,APPROVED_FOR_RC
TERM-041,Risk tier,"Класс R0-R4, определяющий человеческий контроль.",Architecture Board,,,APPROVED_FOR_RC
TERM-042,Human gate,Требование human approval/decision до продолжения.,Architecture Board,,,APPROVED_FOR_RC
TERM-043,WorkerEnvelope,"Ограниченный пакет контекста, tools, permit, budget и verifier contract.",Architecture Board,,,APPROVED_FOR_RC
TERM-044,ToolCallProposal,Нормализованный tool call модели; не execution command.,Architecture Board,,,APPROVED_FOR_RC
TERM-045,Provider conversation,"Временный server-side cache провайдера, не ASET Memory.",Architecture Board,,,APPROVED_FOR_RC
TERM-046,Evidence level,Степень доказательности статистического вывода Master.,Architecture Board,,,APPROVED_FOR_RC
TERM-047,Cohort,Набор контекстно сопоставимых наблюдений.,Architecture Board,,,APPROVED_FOR_RC
TERM-048,Verified outcome,"Outcome, подтверждённый VerificationReceipt=PASS.",Architecture Board,,,APPROVED_FOR_RC
TERM-049,False completion,Заявление о завершении без выполнения completion contract.,Architecture Board,,,APPROVED_FOR_RC
TERM-050,Compensation,Новый отдельно авторизованный Transition для устранения effect footprint.,Architecture Board,,,APPROVED_FOR_RC
TERM-051,Receipt,Неизменяемый versioned record результата решения/операции с digest.,Architecture Board,,,APPROVED_FOR_RC
TERM-052,Canonical JSON profile,Обязательный baseline wire profile ASET Protocol.,Architecture Board,,,APPROVED_FOR_RC
TERM-053,Conformance profile,"Набор обязательных модулей, гарантий и запрещённых fallback.",Architecture Board,,,APPROVED_FOR_RC
TERM-054,Fail-closed,Отказ продолжать критическое действие при неизвестности/несовместимости.,Architecture Board,,,APPROVED_FOR_RC
TERM-055,Reference implementation,"Ненормативная реализация, проверяемая conformance suite.",Architecture Board,,,APPROVED_FOR_RC
TERM-056,Freeze,Утверждение неизменяемой configuration baseline владельцем.,Architecture Board,,,APPROVED_FOR_RC
TERM-057,Freeze candidate,"Пакет, прошедший технические gates и ожидающий formal approval.",Architecture Board,,,APPROVED_FOR_RC
TERM-058,Model element ID,Устойчивый идентификатор элемента архитектурной модели.,Architecture Board,,,APPROVED_FOR_RC
TERM-059,Fit criterion,Однозначный наблюдаемый критерий выполнения требования.,Architecture Board,,,APPROVED_FOR_RC
TERM-060,Verification case,Версионированная спецификация проверки requirement.,Architecture Board,,,APPROVED_FOR_RC
TERM-061,Causal chain,Связи receipts от Task до Outcome.,Architecture Board,,,APPROVED_FOR_RC
TERM-062,Context orientation,Способность восстановить активную ситуацию и следующий осмысленный переход.,Architecture Board,,,APPROVED_FOR_RC
TERM-063,Derived index,"Восстанавливаемое представление, не являющееся источником истины.",Architecture Board,,,APPROVED_FOR_RC
TERM-064,Holographic representation,"Экспериментальный derived index/fallback, не обязательный baseline mechanism.",Architecture Board,,,APPROVED_FOR_RC
TERM-065,Strict profile,"Максимальный профиль с fail-closed, signed receipts и human gates.",Architecture Board,,,APPROVED_FOR_RC
TERM-066,Managed profile,Полный контур Monade/Core/Memory/Master/Worker/Verifier.,Architecture Board,,,APPROVED_FOR_RC
TERM-067,Advisory profile,Профиль Memory+Master без автоматического исполнения.,Architecture Board,,,APPROVED_FOR_RC
TERM-068,Contextual profile,Профиль выдачи traceable context без managed execution.,Architecture Board,,,APPROVED_FOR_RC
TERM-069,Core-only profile,Профиль независимого нормативного Core.,Architecture Board,,,APPROVED_FOR_RC
TERM-070,Unknown,Явная недостаточность данных/решения; никогда не означает allow/pass.,Architecture Board,,,APPROVED_FOR_RC
TERM-071,Indeterminate,Состояние Transition после возможного эффекта при недостаточной evidence.,Architecture Board,,,APPROVED_FOR_RC
TERM-072,Effect footprint,Доказанный или вероятный след внешнего изменения.,Architecture Board,,,APPROVED_FOR_RC
TERM-073,Legal hold,Запрет удаления данных из-за юридического/регуляторного основания.,Architecture Board,,,APPROVED_FOR_RC
TERM-074,Purpose limitation,Использование данных только для разрешённой цели.,Architecture Board,,,APPROVED_FOR_RC
TERM-075,Data minimization,Передача и хранение минимально необходимого набора данных.,Architecture Board,,,APPROVED_FOR_RC
TERM-076,ExpectedChangePatch,"Подписанный Master артефакт ожидаемого изменения, сохраняемых инвариантов и намерения приёмки.",ASET Master,,,APPROVED_FOR_RC
TERM-077,ExpectationPermit,Одноразовый Permit Core только для включения точного ExpectedChangePatch в конкретный контекст через Expectation Admission Gate.,ASET Core,,,APPROVED_FOR_RC
TERM-078,ExecutionPermit,Одноразовый Permit Core только для одного конкретного Dispatch Gate и OperationalBinding.,ASET Core,,,APPROVED_FOR_RC
TERM-079,CompositeContext,Merkle-rooted manifest неизменяемых подписанных контекстных компонентов.,ASET Protocol,Signed composite context,,APPROVED_FOR_RC
TERM-080,Gate,"Нормативная linearization point, атомарно создающая patch set, новый Context, consumption Permit и GateCrossingReceipt.",ASET Core,,,APPROVED_FOR_RC
TERM-081,PromptManifest,Воспроизводимый provider-neutral результат детерминированной компиляции проекции Context для модели.,ASET Monade.Execution,,,APPROVED_FOR_RC
TERM-082,Monade Execution,"Компонент Monade, формирующий OperationalBinding, рабочий prompt, execution intent, dispatch и observation.",ASET Monade,,,APPROVED_FOR_RC
TERM-083,Monade Acceptance,"Независимый компонент Monade, формирующий evidence, verdict, acceptance и task completion.",ASET Monade,,,APPROVED_FOR_RC
TERM-084,OperationalBinding,"Конкретизация ожидаемого изменения в actor, tool, target, operation, parameters, effect profile и reconciliation method.",ASET Monade.Execution,,,APPROVED_FOR_RC
TERM-085,GateCrossingReceipt,Подписанное Core доказательство единственного атомарного пересечения конкретного гейта.,ASET Core,,,APPROVED_FOR_RC
,Closed-world schema,JSON Schema profile that rejects every undeclared property.,,,,
,TransitionSpec,"Machine-readable reads, guards, reducer, postconditions and failure codes for one gate.",,,,
,ASET-MERKLE-1,Normative composite-context root construction profile.,,,,
,Semantic document hash,"Hash over normalized extracted document text and structural tables, used when container bytes are renderer-dependent.",,,,
