NeedID,SystemRequirementID,DerivedRequirementID,ADRRefs,ModelElementRefs,VerificationCaseID,EvidenceLocator,Result,TraceStatus
NEED-001,SYS-001,,ADR-029;ADR-030;ADR-033;ADR-035;ADR-036;ADR-042,MOD-MEM;MOD-CORE;MOD-MASTER;MOD-MONADE;MOD-GW;MOD-PROTO,VC-SYS-001,evidence/SYS-001/,NOT_EXECUTED_PRE_IMPLEMENTATION,COMPLETE_FOR_DOCUMENTATION
NEED-002,SYS-002,,ADR-029;ADR-030;ADR-033;ADR-035;ADR-036;ADR-042,MOD-MEM;MOD-CORE;MOD-MASTER;MOD-MONADE;MOD-GW;MOD-PROTO,VC-SYS-002,evidence/SYS-002/,NOT_EXECUTED_PRE_IMPLEMENTATION,COMPLETE_FOR_DOCUMENTATION
NEED-003,SYS-003,,ADR-029;ADR-030;ADR-033;ADR-035;ADR-036;ADR-042,MOD-MEM;MOD-CORE;MOD-MASTER;MOD-MONADE;MOD-GW;MOD-PROTO,VC-SYS-003,evidence/SYS-003/,NOT_EXECUTED_PRE_IMPLEMENTATION,COMPLETE_FOR_DOCUMENTATION
NEED-005,SYS-004,,ADR-029;ADR-030;ADR-033;ADR-035;ADR-036;ADR-042,MOD-MEM;MOD-CORE;MOD-MASTER;MOD-MONADE;MOD-GW;MOD-PROTO,VC-SYS-004,evidence/SYS-004/,NOT_EXECUTED_PRE_IMPLEMENTATION,COMPLETE_FOR_DOCUMENTATION
NEED-006,SYS-005,,ADR-029;ADR-030;ADR-033;ADR-035;ADR-036;ADR-042,MOD-MEM;MOD-CORE;MOD-MASTER;MOD-MONADE;MOD-GW;MOD-PROTO,VC-SYS-005,evidence/SYS-005/,NOT_EXECUTED_PRE_IMPLEMENTATION,COMPLETE_FOR_DOCUMENTATION
NEED-007,SYS-006,,ADR-029;ADR-030;ADR-033;ADR-035;ADR-036;ADR-042,MOD-MEM;MOD-CORE;MOD-MASTER;MOD-MONADE;MOD-GW;MOD-PROTO,VC-SYS-006,evidence/SYS-006/,NOT_EXECUTED_PRE_IMPLEMENTATION,COMPLETE_FOR_DOCUMENTATION
NEED-004,SYS-007,,ADR-029;ADR-030;ADR-033;ADR-035;ADR-036;ADR-042,MOD-MEM;MOD-CORE;MOD-MASTER;MOD-MONADE;MOD-GW;MOD-PROTO,VC-SYS-007,evidence/SYS-007/,NOT_EXECUTED_PRE_IMPLEMENTATION,COMPLETE_FOR_DOCUMENTATION
NEED-009,SYS-008,,ADR-029;ADR-030;ADR-033;ADR-035;ADR-036;ADR-042,MOD-MEM;MOD-CORE;MOD-MASTER;MOD-MONADE;MOD-GW;MOD-PROTO,VC-SYS-008,evidence/SYS-008/,NOT_EXECUTED_PRE_IMPLEMENTATION,COMPLETE_FOR_DOCUMENTATION
NEED-010,SYS-009,,ADR-029;ADR-030;ADR-033;ADR-035;ADR-036;ADR-042,MOD-MEM;MOD-CORE;MOD-MASTER;MOD-MONADE;MOD-GW;MOD-PROTO,VC-SYS-009,evidence/SYS-009/,NOT_EXECUTED_PRE_IMPLEMENTATION,COMPLETE_FOR_DOCUMENTATION
NEED-011,SYS-010,,ADR-029;ADR-030;ADR-033;ADR-035;ADR-036;ADR-042,MOD-MEM;MOD-CORE;MOD-MASTER;MOD-MONADE;MOD-GW;MOD-PROTO,VC-SYS-010,evidence/SYS-010/,NOT_EXECUTED_PRE_IMPLEMENTATION,COMPLETE_FOR_DOCUMENTATION
NEED-008,SYS-011,,ADR-029;ADR-030;ADR-033;ADR-035;ADR-036;ADR-042,MOD-MEM;MOD-CORE;MOD-MASTER;MOD-MONADE;MOD-GW;MOD-PROTO,VC-SYS-011,evidence/SYS-011/,NOT_EXECUTED_PRE_IMPLEMENTATION,COMPLETE_FOR_DOCUMENTATION
NEED-012,SYS-012,,ADR-029;ADR-030;ADR-033;ADR-035;ADR-036;ADR-042,MOD-MEM;MOD-CORE;MOD-MASTER;MOD-MONADE;MOD-GW;MOD-PROTO,VC-SYS-012,evidence/SYS-012/,NOT_EXECUTED_PRE_IMPLEMENTATION,COMPLETE_FOR_DOCUMENTATION
NEED-013,SYS-013,,ADR-029;ADR-030;ADR-033;ADR-035;ADR-036;ADR-042,MOD-MEM;MOD-CORE;MOD-MASTER;MOD-MONADE;MOD-GW;MOD-PROTO,VC-SYS-013,evidence/SYS-013/,NOT_EXECUTED_PRE_IMPLEMENTATION,COMPLETE_FOR_DOCUMENTATION
NEED-014,SYS-014,,ADR-029;ADR-030;ADR-033;ADR-035;ADR-036;ADR-042,MOD-MEM;MOD-CORE;MOD-MASTER;MOD-MONADE;MOD-GW;MOD-PROTO,VC-SYS-014,evidence/SYS-014/,NOT_EXECUTED_PRE_IMPLEMENTATION,COMPLETE_FOR_DOCUMENTATION
NEED-015,SYS-015,,ADR-029;ADR-030;ADR-033;ADR-035;ADR-036;ADR-042,MOD-MEM;MOD-CORE;MOD-MASTER;MOD-MONADE;MOD-GW;MOD-PROTO,VC-SYS-015,evidence/SYS-015/,NOT_EXECUTED_PRE_IMPLEMENTATION,COMPLETE_FOR_DOCUMENTATION
NEED-016,SYS-016,,ADR-029;ADR-030;ADR-033;ADR-035;ADR-036;ADR-042,MOD-MEM;MOD-CORE;MOD-MASTER;MOD-MONADE;MOD-GW;MOD-PROTO,VC-SYS-016,evidence/SYS-016/,NOT_EXECUTED_PRE_IMPLEMENTATION,COMPLETE_FOR_DOCUMENTATION
NEED-017,SYS-017,,ADR-029;ADR-030;ADR-033;ADR-035;ADR-036;ADR-042,MOD-MEM;MOD-CORE;MOD-MASTER;MOD-MONADE;MOD-GW;MOD-PROTO,VC-SYS-017,evidence/SYS-017/,NOT_EXECUTED_PRE_IMPLEMENTATION,COMPLETE_FOR_DOCUMENTATION
NEED-018,SYS-018,,ADR-029;ADR-030;ADR-033;ADR-035;ADR-036;ADR-042,MOD-MEM;MOD-CORE;MOD-MASTER;MOD-MONADE;MOD-GW;MOD-PROTO,VC-SYS-018,evidence/SYS-018/,NOT_EXECUTED_PRE_IMPLEMENTATION,COMPLETE_FOR_DOCUMENTATION
NEED-007,SYS-019,,ADR-029;ADR-030;ADR-033;ADR-035;ADR-036;ADR-042,MOD-MEM;MOD-CORE;MOD-MASTER;MOD-MONADE;MOD-GW;MOD-PROTO,VC-SYS-019,evidence/SYS-019/,NOT_EXECUTED_PRE_IMPLEMENTATION,COMPLETE_FOR_DOCUMENTATION
NEED-005,SYS-020,,ADR-029;ADR-030;ADR-033;ADR-035;ADR-036;ADR-042,MOD-MEM;MOD-CORE;MOD-MASTER;MOD-MONADE;MOD-GW;MOD-PROTO,VC-SYS-020,evidence/SYS-020/,NOT_EXECUTED_PRE_IMPLEMENTATION,COMPLETE_FOR_DOCUMENTATION
NEED-002,SYS-002,MEM-001,ADR-033;ADR-039;ADR-040,MOD-MEM;CTX-MEM,VC-MEM-001,evidence/MEM-001/,NOT_EXECUTED_PRE_IMPLEMENTATION,COMPLETE_FOR_DOCUMENTATION
NEED-002,SYS-002,MEM-002,ADR-033;ADR-039;ADR-040,MOD-MEM;CTX-MEM,VC-MEM-002,evidence/MEM-002/,NOT_EXECUTED_PRE_IMPLEMENTATION,COMPLETE_FOR_DOCUMENTATION
NEED-002,SYS-002,MEM-003,ADR-033;ADR-039;ADR-040,MOD-MEM;CTX-MEM,VC-MEM-003,evidence/MEM-003/,NOT_EXECUTED_PRE_IMPLEMENTATION,COMPLETE_FOR_DOCUMENTATION
NEED-002,SYS-002,MEM-004,ADR-033;ADR-039;ADR-040,MOD-MEM;CTX-MEM,VC-MEM-004,evidence/MEM-004/,NOT_EXECUTED_PRE_IMPLEMENTATION,COMPLETE_FOR_DOCUMENTATION
NEED-002,SYS-002,MEM-005,ADR-033;ADR-039;ADR-040,MOD-MEM;CTX-MEM,VC-MEM-005,evidence/MEM-005/,NOT_EXECUTED_PRE_IMPLEMENTATION,COMPLETE_FOR_DOCUMENTATION
NEED-005,SYS-002,MEM-006,ADR-033;ADR-039;ADR-040,MOD-MEM;CTX-MEM,VC-MEM-006,evidence/MEM-006/,NOT_EXECUTED_PRE_IMPLEMENTATION,COMPLETE_FOR_DOCUMENTATION
NEED-005,SYS-002,MEM-007,ADR-033;ADR-039;ADR-040,MOD-MEM;CTX-MEM,VC-MEM-007,evidence/MEM-007/,NOT_EXECUTED_PRE_IMPLEMENTATION,COMPLETE_FOR_DOCUMENTATION
NEED-002,SYS-002,MEM-008,ADR-033;ADR-039;ADR-040,MOD-MEM;CTX-MEM,VC-MEM-008,evidence/MEM-008/,NOT_EXECUTED_PRE_IMPLEMENTATION,COMPLETE_FOR_DOCUMENTATION
NEED-002,SYS-002,MEM-009,ADR-033;ADR-039;ADR-040,MOD-MEM;CTX-MEM,VC-MEM-009,evidence/MEM-009/,NOT_EXECUTED_PRE_IMPLEMENTATION,COMPLETE_FOR_DOCUMENTATION
NEED-002,SYS-002,MEM-010,ADR-033;ADR-039;ADR-040,MOD-MEM;CTX-MEM,VC-MEM-010,evidence/MEM-010/,NOT_EXECUTED_PRE_IMPLEMENTATION,COMPLETE_FOR_DOCUMENTATION
NEED-002,SYS-002,MEM-011,ADR-033;ADR-039;ADR-040,MOD-MEM;CTX-MEM,VC-MEM-011,evidence/MEM-011/,NOT_EXECUTED_PRE_IMPLEMENTATION,COMPLETE_FOR_DOCUMENTATION
NEED-014,SYS-014,MEM-012,ADR-033;ADR-039;ADR-040,MOD-MEM;CTX-MEM,VC-MEM-012,evidence/MEM-012/,NOT_EXECUTED_PRE_IMPLEMENTATION,COMPLETE_FOR_DOCUMENTATION
NEED-002,SYS-002,MEM-013,ADR-033;ADR-039;ADR-040,MOD-MEM;CTX-MEM,VC-MEM-013,evidence/MEM-013/,NOT_EXECUTED_PRE_IMPLEMENTATION,COMPLETE_FOR_DOCUMENTATION
NEED-002,SYS-002,MEM-014,ADR-033;ADR-039;ADR-040,MOD-MEM;CTX-MEM,VC-MEM-014,evidence/MEM-014/,NOT_EXECUTED_PRE_IMPLEMENTATION,COMPLETE_FOR_DOCUMENTATION
NEED-002,SYS-002,MEM-015,ADR-033;ADR-039;ADR-040,MOD-MEM;CTX-MEM,VC-MEM-015,evidence/MEM-015/,NOT_EXECUTED_PRE_IMPLEMENTATION,COMPLETE_FOR_DOCUMENTATION
NEED-017,SYS-002,MEM-016,ADR-033;ADR-039;ADR-040,MOD-MEM;CTX-MEM,VC-MEM-016,evidence/MEM-016/,NOT_EXECUTED_PRE_IMPLEMENTATION,COMPLETE_FOR_DOCUMENTATION
NEED-002,SYS-002,MEM-017,ADR-033;ADR-039;ADR-040,MOD-MEM;CTX-MEM,VC-MEM-017,evidence/MEM-017/,NOT_EXECUTED_PRE_IMPLEMENTATION,COMPLETE_FOR_DOCUMENTATION
NEED-002,SYS-002,MEM-018,ADR-033;ADR-039;ADR-040,MOD-MEM;CTX-MEM,VC-MEM-018,evidence/MEM-018/,NOT_EXECUTED_PRE_IMPLEMENTATION,COMPLETE_FOR_DOCUMENTATION
NEED-010,SYS-009,MEM-019,ADR-033;ADR-039;ADR-040,MOD-MEM;CTX-MEM,VC-MEM-019,evidence/MEM-019/,NOT_EXECUTED_PRE_IMPLEMENTATION,COMPLETE_FOR_DOCUMENTATION
NEED-008,SYS-011,MEM-020,ADR-033;ADR-039;ADR-040,MOD-MEM;CTX-MEM,VC-MEM-020,evidence/MEM-020/,NOT_EXECUTED_PRE_IMPLEMENTATION,COMPLETE_FOR_DOCUMENTATION
NEED-003,SYS-006,COR-001,ADR-030;ADR-031;ADR-032;ADR-034;ADR-035,MOD-CORE;CTX-AUTH;ART-RESOLUTION;ART-PERMIT;ART-CROSSING,VC-COR-001,evidence/COR-001/,NOT_EXECUTED_PRE_IMPLEMENTATION,COMPLETE_FOR_DOCUMENTATION
NEED-003,SYS-003,COR-002,ADR-030;ADR-031;ADR-032;ADR-034;ADR-035,MOD-CORE;CTX-AUTH;ART-RESOLUTION;ART-PERMIT;ART-CROSSING,VC-COR-002,evidence/COR-002/,NOT_EXECUTED_PRE_IMPLEMENTATION,COMPLETE_FOR_DOCUMENTATION
NEED-003,SYS-003,COR-003,ADR-030;ADR-031;ADR-032;ADR-034;ADR-035,MOD-CORE;CTX-AUTH;ART-RESOLUTION;ART-PERMIT;ART-CROSSING,VC-COR-003,evidence/COR-003/,NOT_EXECUTED_PRE_IMPLEMENTATION,COMPLETE_FOR_DOCUMENTATION
NEED-003,SYS-003,COR-004,ADR-030;ADR-031;ADR-032;ADR-034;ADR-035,MOD-CORE;CTX-AUTH;ART-RESOLUTION;ART-PERMIT;ART-CROSSING,VC-COR-004,evidence/COR-004/,NOT_EXECUTED_PRE_IMPLEMENTATION,COMPLETE_FOR_DOCUMENTATION
NEED-003,SYS-003,COR-005,ADR-030;ADR-031;ADR-032;ADR-034;ADR-035,MOD-CORE;CTX-AUTH;ART-RESOLUTION;ART-PERMIT;ART-CROSSING,VC-COR-005,evidence/COR-005/,NOT_EXECUTED_PRE_IMPLEMENTATION,COMPLETE_FOR_DOCUMENTATION
NEED-003,SYS-003,COR-006,ADR-030;ADR-031;ADR-032;ADR-034;ADR-035,MOD-CORE;CTX-AUTH;ART-RESOLUTION;ART-PERMIT;ART-CROSSING,VC-COR-006,evidence/COR-006/,NOT_EXECUTED_PRE_IMPLEMENTATION,COMPLETE_FOR_DOCUMENTATION
NEED-003,SYS-003,COR-007,ADR-030;ADR-031;ADR-032;ADR-034;ADR-035,MOD-CORE;CTX-AUTH;ART-RESOLUTION;ART-PERMIT;ART-CROSSING,VC-COR-007,evidence/COR-007/,NOT_EXECUTED_PRE_IMPLEMENTATION,COMPLETE_FOR_DOCUMENTATION
NEED-004,SYS-007,COR-008,ADR-030;ADR-031;ADR-032;ADR-034;ADR-035,MOD-CORE;CTX-AUTH;ART-RESOLUTION;ART-PERMIT;ART-CROSSING,VC-COR-008,evidence/COR-008/,NOT_EXECUTED_PRE_IMPLEMENTATION,COMPLETE_FOR_DOCUMENTATION
NEED-008,SYS-014,COR-009,ADR-030;ADR-031;ADR-032;ADR-034;ADR-035,MOD-CORE;CTX-AUTH;ART-RESOLUTION;ART-PERMIT;ART-CROSSING,VC-COR-009,evidence/COR-009/,NOT_EXECUTED_PRE_IMPLEMENTATION,COMPLETE_FOR_DOCUMENTATION
NEED-003,SYS-003,COR-010,ADR-030;ADR-031;ADR-032;ADR-034;ADR-035,MOD-CORE;CTX-AUTH;ART-RESOLUTION;ART-PERMIT;ART-CROSSING,VC-COR-010,evidence/COR-010/,NOT_EXECUTED_PRE_IMPLEMENTATION,COMPLETE_FOR_DOCUMENTATION
NEED-012,SYS-012,COR-011,ADR-030;ADR-031;ADR-032;ADR-034;ADR-035,MOD-CORE;CTX-AUTH;ART-RESOLUTION;ART-PERMIT;ART-CROSSING,VC-COR-011,evidence/COR-011/,NOT_EXECUTED_PRE_IMPLEMENTATION,COMPLETE_FOR_DOCUMENTATION
NEED-003,SYS-003,COR-012,ADR-030;ADR-031;ADR-032;ADR-034;ADR-035,MOD-CORE;CTX-AUTH;ART-RESOLUTION;ART-PERMIT;ART-CROSSING,VC-COR-012,evidence/COR-012/,NOT_EXECUTED_PRE_IMPLEMENTATION,COMPLETE_FOR_DOCUMENTATION
NEED-003,SYS-003,COR-013,ADR-030;ADR-031;ADR-032;ADR-034;ADR-035,MOD-CORE;CTX-AUTH;ART-RESOLUTION;ART-PERMIT;ART-CROSSING,VC-COR-013,evidence/COR-013/,NOT_EXECUTED_PRE_IMPLEMENTATION,COMPLETE_FOR_DOCUMENTATION
NEED-008,SYS-011,COR-014,ADR-030;ADR-031;ADR-032;ADR-034;ADR-035,MOD-CORE;CTX-AUTH;ART-RESOLUTION;ART-PERMIT;ART-CROSSING,VC-COR-014,evidence/COR-014/,NOT_EXECUTED_PRE_IMPLEMENTATION,COMPLETE_FOR_DOCUMENTATION
NEED-010,SYS-009,MAS-001,ADR-029;ADR-035;ADR-038,MOD-MASTER;CTX-MASTER;ART-EXPECTED,VC-MAS-001,evidence/MAS-001/,NOT_EXECUTED_PRE_IMPLEMENTATION,COMPLETE_FOR_DOCUMENTATION
NEED-010,SYS-009,MAS-002,ADR-029;ADR-035;ADR-038,MOD-MASTER;CTX-MASTER;ART-EXPECTED,VC-MAS-002,evidence/MAS-002/,NOT_EXECUTED_PRE_IMPLEMENTATION,COMPLETE_FOR_DOCUMENTATION
NEED-010,SYS-009,MAS-003,ADR-029;ADR-035;ADR-038,MOD-MASTER;CTX-MASTER;ART-EXPECTED,VC-MAS-003,evidence/MAS-003/,NOT_EXECUTED_PRE_IMPLEMENTATION,COMPLETE_FOR_DOCUMENTATION
NEED-010,SYS-009,MAS-004,ADR-029;ADR-035;ADR-038,MOD-MASTER;CTX-MASTER;ART-EXPECTED,VC-MAS-004,evidence/MAS-004/,NOT_EXECUTED_PRE_IMPLEMENTATION,COMPLETE_FOR_DOCUMENTATION
NEED-010,SYS-009,MAS-005,ADR-029;ADR-035;ADR-038,MOD-MASTER;CTX-MASTER;ART-EXPECTED,VC-MAS-005,evidence/MAS-005/,NOT_EXECUTED_PRE_IMPLEMENTATION,COMPLETE_FOR_DOCUMENTATION
NEED-010,SYS-009,MAS-006,ADR-029;ADR-035;ADR-038,MOD-MASTER;CTX-MASTER;ART-EXPECTED,VC-MAS-006,evidence/MAS-006/,NOT_EXECUTED_PRE_IMPLEMENTATION,COMPLETE_FOR_DOCUMENTATION
NEED-015,SYS-015,MAS-007,ADR-029;ADR-035;ADR-038,MOD-MASTER;CTX-MASTER;ART-EXPECTED,VC-MAS-007,evidence/MAS-007/,NOT_EXECUTED_PRE_IMPLEMENTATION,COMPLETE_FOR_DOCUMENTATION
NEED-010,SYS-009,MAS-008,ADR-029;ADR-035;ADR-038,MOD-MASTER;CTX-MASTER;ART-EXPECTED,VC-MAS-008,evidence/MAS-008/,NOT_EXECUTED_PRE_IMPLEMENTATION,COMPLETE_FOR_DOCUMENTATION
NEED-010,SYS-009,MAS-009,ADR-029;ADR-035;ADR-038,MOD-MASTER;CTX-MASTER;ART-EXPECTED,VC-MAS-009,evidence/MAS-009/,NOT_EXECUTED_PRE_IMPLEMENTATION,COMPLETE_FOR_DOCUMENTATION
NEED-017,SYS-017,MAS-010,ADR-029;ADR-035;ADR-038,MOD-MASTER;CTX-MASTER;ART-EXPECTED,VC-MAS-010,evidence/MAS-010/,NOT_EXECUTED_PRE_IMPLEMENTATION,COMPLETE_FOR_DOCUMENTATION
NEED-008,SYS-011,MAS-011,ADR-029;ADR-035;ADR-038,MOD-MASTER;CTX-MASTER;ART-EXPECTED,VC-MAS-011,evidence/MAS-011/,NOT_EXECUTED_PRE_IMPLEMENTATION,COMPLETE_FOR_DOCUMENTATION
NEED-007,SYS-006,MAS-012,ADR-029;ADR-035;ADR-038,MOD-MASTER;CTX-MASTER;ART-EXPECTED,VC-MAS-012,evidence/MAS-012/,NOT_EXECUTED_PRE_IMPLEMENTATION,COMPLETE_FOR_DOCUMENTATION
NEED-002,SYS-001,MON-001,ADR-036;ADR-038;ADR-043,MOD-MONADE;SUB-MON-EXEC;SUB-MON-ACC;CTX-TASK,VC-MON-001,evidence/MON-001/,NOT_EXECUTED_PRE_IMPLEMENTATION,COMPLETE_FOR_DOCUMENTATION
NEED-002,SYS-001,MON-002,ADR-036;ADR-038;ADR-043,MOD-MONADE;SUB-MON-EXEC;SUB-MON-ACC;CTX-TASK,VC-MON-002,evidence/MON-002/,NOT_EXECUTED_PRE_IMPLEMENTATION,COMPLETE_FOR_DOCUMENTATION
NEED-002,SYS-001,MON-003,ADR-036;ADR-038;ADR-043,MOD-MONADE;SUB-MON-EXEC;SUB-MON-ACC;CTX-TASK,VC-MON-003,evidence/MON-003/,NOT_EXECUTED_PRE_IMPLEMENTATION,COMPLETE_FOR_DOCUMENTATION
NEED-010,SYS-009,MON-004,ADR-036;ADR-038;ADR-043,MOD-MONADE;SUB-MON-EXEC;SUB-MON-ACC;CTX-TASK,VC-MON-004,evidence/MON-004/,NOT_EXECUTED_PRE_IMPLEMENTATION,COMPLETE_FOR_DOCUMENTATION
NEED-003,SYS-003,MON-005,ADR-036;ADR-038;ADR-043,MOD-MONADE;SUB-MON-EXEC;SUB-MON-ACC;CTX-TASK,VC-MON-005,evidence/MON-005/,NOT_EXECUTED_PRE_IMPLEMENTATION,COMPLETE_FOR_DOCUMENTATION
NEED-003,SYS-003,MON-006,ADR-036;ADR-038;ADR-043,MOD-MONADE;SUB-MON-EXEC;SUB-MON-ACC;CTX-TASK,VC-MON-006,evidence/MON-006/,NOT_EXECUTED_PRE_IMPLEMENTATION,COMPLETE_FOR_DOCUMENTATION
NEED-003,SYS-003,MON-007,ADR-036;ADR-038;ADR-043,MOD-MONADE;SUB-MON-EXEC;SUB-MON-ACC;CTX-TASK,VC-MON-007,evidence/MON-007/,NOT_EXECUTED_PRE_IMPLEMENTATION,COMPLETE_FOR_DOCUMENTATION
NEED-009,SYS-008,MON-008,ADR-036;ADR-038;ADR-043,MOD-MONADE;SUB-MON-EXEC;SUB-MON-ACC;CTX-TASK,VC-MON-008,evidence/MON-008/,NOT_EXECUTED_PRE_IMPLEMENTATION,COMPLETE_FOR_DOCUMENTATION
NEED-009,SYS-008,MON-009,ADR-036;ADR-038;ADR-043,MOD-MONADE;SUB-MON-EXEC;SUB-MON-ACC;CTX-TASK,VC-MON-009,evidence/MON-009/,NOT_EXECUTED_PRE_IMPLEMENTATION,COMPLETE_FOR_DOCUMENTATION
NEED-005,SYS-020,MON-010,ADR-036;ADR-038;ADR-043,MOD-MONADE;SUB-MON-EXEC;SUB-MON-ACC;CTX-TASK,VC-MON-010,evidence/MON-010/,NOT_EXECUTED_PRE_IMPLEMENTATION,COMPLETE_FOR_DOCUMENTATION
NEED-003,SYS-003,MON-011,ADR-036;ADR-038;ADR-043,MOD-MONADE;SUB-MON-EXEC;SUB-MON-ACC;CTX-TASK,VC-MON-011,evidence/MON-011/,NOT_EXECUTED_PRE_IMPLEMENTATION,COMPLETE_FOR_DOCUMENTATION
NEED-009,SYS-008,MON-012,ADR-036;ADR-038;ADR-043,MOD-MONADE;SUB-MON-EXEC;SUB-MON-ACC;CTX-TASK,VC-MON-012,evidence/MON-012/,NOT_EXECUTED_PRE_IMPLEMENTATION,COMPLETE_FOR_DOCUMENTATION
NEED-009,SYS-008,MON-013,ADR-036;ADR-038;ADR-043,MOD-MONADE;SUB-MON-EXEC;SUB-MON-ACC;CTX-TASK,VC-MON-013,evidence/MON-013/,NOT_EXECUTED_PRE_IMPLEMENTATION,COMPLETE_FOR_DOCUMENTATION
NEED-002,SYS-001,MON-014,ADR-036;ADR-038;ADR-043,MOD-MONADE;SUB-MON-EXEC;SUB-MON-ACC;CTX-TASK,VC-MON-014,evidence/MON-014/,NOT_EXECUTED_PRE_IMPLEMENTATION,COMPLETE_FOR_DOCUMENTATION
NEED-005,SYS-020,MON-015,ADR-036;ADR-038;ADR-043,MOD-MONADE;SUB-MON-EXEC;SUB-MON-ACC;CTX-TASK,VC-MON-015,evidence/MON-015/,NOT_EXECUTED_PRE_IMPLEMENTATION,COMPLETE_FOR_DOCUMENTATION
NEED-004,SYS-007,MON-016,ADR-036;ADR-038;ADR-043,MOD-MONADE;SUB-MON-EXEC;SUB-MON-ACC;CTX-TASK,VC-MON-016,evidence/MON-016/,NOT_EXECUTED_PRE_IMPLEMENTATION,COMPLETE_FOR_DOCUMENTATION
NEED-013,SYS-013,MON-017,ADR-036;ADR-038;ADR-043,MOD-MONADE;SUB-MON-EXEC;SUB-MON-ACC;CTX-TASK,VC-MON-017,evidence/MON-017/,NOT_EXECUTED_PRE_IMPLEMENTATION,COMPLETE_FOR_DOCUMENTATION
NEED-012,SYS-019,MON-018,ADR-036;ADR-038;ADR-043,MOD-MONADE;SUB-MON-EXEC;SUB-MON-ACC;CTX-TASK,VC-MON-018,evidence/MON-018/,NOT_EXECUTED_PRE_IMPLEMENTATION,COMPLETE_FOR_DOCUMENTATION
NEED-003,SYS-003,WRK-001,ADR-035;ADR-036;ADR-037;ADR-041,SUB-MON-EXEC;SUB-WORKER;SUB-PROMPT;CTX-EXEC,VC-WRK-001,evidence/WRK-001/,NOT_EXECUTED_PRE_IMPLEMENTATION,COMPLETE_FOR_DOCUMENTATION
NEED-003,SYS-003,WRK-002,ADR-035;ADR-036;ADR-037;ADR-041,SUB-MON-EXEC;SUB-WORKER;SUB-PROMPT;CTX-EXEC,VC-WRK-002,evidence/WRK-002/,NOT_EXECUTED_PRE_IMPLEMENTATION,COMPLETE_FOR_DOCUMENTATION
NEED-003,SYS-003,WRK-003,ADR-035;ADR-036;ADR-037;ADR-041,SUB-MON-EXEC;SUB-WORKER;SUB-PROMPT;CTX-EXEC,VC-WRK-003,evidence/WRK-003/,NOT_EXECUTED_PRE_IMPLEMENTATION,COMPLETE_FOR_DOCUMENTATION
NEED-009,SYS-008,WRK-004,ADR-035;ADR-036;ADR-037;ADR-041,SUB-MON-EXEC;SUB-WORKER;SUB-PROMPT;CTX-EXEC,VC-WRK-004,evidence/WRK-004/,NOT_EXECUTED_PRE_IMPLEMENTATION,COMPLETE_FOR_DOCUMENTATION
NEED-009,SYS-008,WRK-005,ADR-035;ADR-036;ADR-037;ADR-041,SUB-MON-EXEC;SUB-WORKER;SUB-PROMPT;CTX-EXEC,VC-WRK-005,evidence/WRK-005/,NOT_EXECUTED_PRE_IMPLEMENTATION,COMPLETE_FOR_DOCUMENTATION
NEED-017,SYS-017,WRK-006,ADR-035;ADR-036;ADR-037;ADR-041,SUB-MON-EXEC;SUB-WORKER;SUB-PROMPT;CTX-EXEC,VC-WRK-006,evidence/WRK-006/,NOT_EXECUTED_PRE_IMPLEMENTATION,COMPLETE_FOR_DOCUMENTATION
NEED-004,SYS-007,WRK-007,ADR-035;ADR-036;ADR-037;ADR-041,SUB-MON-EXEC;SUB-WORKER;SUB-PROMPT;CTX-EXEC,VC-WRK-007,evidence/WRK-007/,NOT_EXECUTED_PRE_IMPLEMENTATION,COMPLETE_FOR_DOCUMENTATION
NEED-005,SYS-020,VER-001,ADR-036;ADR-038;ADR-043,SUB-MON-ACC;SUB-VERIFIER;CTX-ACC,VC-VER-001,evidence/VER-001/,NOT_EXECUTED_PRE_IMPLEMENTATION,COMPLETE_FOR_DOCUMENTATION
NEED-005,SYS-020,VER-002,ADR-036;ADR-038;ADR-043,SUB-MON-ACC;SUB-VERIFIER;CTX-ACC,VC-VER-002,evidence/VER-002/,NOT_EXECUTED_PRE_IMPLEMENTATION,COMPLETE_FOR_DOCUMENTATION
NEED-005,SYS-020,VER-003,ADR-036;ADR-038;ADR-043,SUB-MON-ACC;SUB-VERIFIER;CTX-ACC,VC-VER-003,evidence/VER-003/,NOT_EXECUTED_PRE_IMPLEMENTATION,COMPLETE_FOR_DOCUMENTATION
NEED-005,SYS-020,VER-004,ADR-036;ADR-038;ADR-043,SUB-MON-ACC;SUB-VERIFIER;CTX-ACC,VC-VER-004,evidence/VER-004/,NOT_EXECUTED_PRE_IMPLEMENTATION,COMPLETE_FOR_DOCUMENTATION
NEED-005,SYS-020,VER-005,ADR-036;ADR-038;ADR-043,SUB-MON-ACC;SUB-VERIFIER;CTX-ACC,VC-VER-005,evidence/VER-005/,NOT_EXECUTED_PRE_IMPLEMENTATION,COMPLETE_FOR_DOCUMENTATION
NEED-009,SYS-008,VER-006,ADR-036;ADR-038;ADR-043,SUB-MON-ACC;SUB-VERIFIER;CTX-ACC,VC-VER-006,evidence/VER-006/,NOT_EXECUTED_PRE_IMPLEMENTATION,COMPLETE_FOR_DOCUMENTATION
NEED-008,SYS-011,VER-007,ADR-036;ADR-038;ADR-043,SUB-MON-ACC;SUB-VERIFIER;CTX-ACC,VC-VER-007,evidence/VER-007/,NOT_EXECUTED_PRE_IMPLEMENTATION,COMPLETE_FOR_DOCUMENTATION
NEED-007,SYS-006,VER-008,ADR-036;ADR-038;ADR-043,SUB-MON-ACC;SUB-VERIFIER;CTX-ACC,VC-VER-008,evidence/VER-008/,NOT_EXECUTED_PRE_IMPLEMENTATION,COMPLETE_FOR_DOCUMENTATION
NEED-006,SYS-005,GW-001,ADR-037,MOD-GW,VC-GW-001,evidence/GW-001/,NOT_EXECUTED_PRE_IMPLEMENTATION,COMPLETE_FOR_DOCUMENTATION
NEED-006,SYS-005,GW-002,ADR-037,MOD-GW,VC-GW-002,evidence/GW-002/,NOT_EXECUTED_PRE_IMPLEMENTATION,COMPLETE_FOR_DOCUMENTATION
NEED-006,SYS-005,GW-003,ADR-037,MOD-GW,VC-GW-003,evidence/GW-003/,NOT_EXECUTED_PRE_IMPLEMENTATION,COMPLETE_FOR_DOCUMENTATION
NEED-011,SYS-010,GW-004,ADR-037,MOD-GW,VC-GW-004,evidence/GW-004/,NOT_EXECUTED_PRE_IMPLEMENTATION,COMPLETE_FOR_DOCUMENTATION
NEED-017,SYS-017,GW-005,ADR-037,MOD-GW,VC-GW-005,evidence/GW-005/,NOT_EXECUTED_PRE_IMPLEMENTATION,COMPLETE_FOR_DOCUMENTATION
NEED-011,SYS-010,GW-006,ADR-037,MOD-GW,VC-GW-006,evidence/GW-006/,NOT_EXECUTED_PRE_IMPLEMENTATION,COMPLETE_FOR_DOCUMENTATION
NEED-008,SYS-011,GW-007,ADR-037,MOD-GW,VC-GW-007,evidence/GW-007/,NOT_EXECUTED_PRE_IMPLEMENTATION,COMPLETE_FOR_DOCUMENTATION
NEED-017,SYS-017,GW-008,ADR-037,MOD-GW,VC-GW-008,evidence/GW-008/,NOT_EXECUTED_PRE_IMPLEMENTATION,COMPLETE_FOR_DOCUMENTATION
NEED-007,SYS-006,PRO-001,ADR-033;ADR-034;ADR-042,MOD-PROTO;ART-CTX-COMP;ART-CTX-MANIFEST,VC-PRO-001,evidence/PRO-001/,NOT_EXECUTED_PRE_IMPLEMENTATION,COMPLETE_FOR_DOCUMENTATION
NEED-012,SYS-012,PRO-002,ADR-033;ADR-034;ADR-042,MOD-PROTO;ART-CTX-COMP;ART-CTX-MANIFEST,VC-PRO-002,evidence/PRO-002/,NOT_EXECUTED_PRE_IMPLEMENTATION,COMPLETE_FOR_DOCUMENTATION
NEED-012,SYS-012,PRO-003,ADR-033;ADR-034;ADR-042,MOD-PROTO;ART-CTX-COMP;ART-CTX-MANIFEST,VC-PRO-003,evidence/PRO-003/,NOT_EXECUTED_PRE_IMPLEMENTATION,COMPLETE_FOR_DOCUMENTATION
NEED-012,SYS-012,PRO-004,ADR-033;ADR-034;ADR-042,MOD-PROTO;ART-CTX-COMP;ART-CTX-MANIFEST,VC-PRO-004,evidence/PRO-004/,NOT_EXECUTED_PRE_IMPLEMENTATION,COMPLETE_FOR_DOCUMENTATION
NEED-011,SYS-010,PRO-005,ADR-033;ADR-034;ADR-042,MOD-PROTO;ART-CTX-COMP;ART-CTX-MANIFEST,VC-PRO-005,evidence/PRO-005/,NOT_EXECUTED_PRE_IMPLEMENTATION,COMPLETE_FOR_DOCUMENTATION
NEED-011,SYS-010,PRO-006,ADR-033;ADR-034;ADR-042,MOD-PROTO;ART-CTX-COMP;ART-CTX-MANIFEST,VC-PRO-006,evidence/PRO-006/,NOT_EXECUTED_PRE_IMPLEMENTATION,COMPLETE_FOR_DOCUMENTATION
NEED-005,SYS-004,PRO-007,ADR-033;ADR-034;ADR-042,MOD-PROTO;ART-CTX-COMP;ART-CTX-MANIFEST,VC-PRO-007,evidence/PRO-007/,NOT_EXECUTED_PRE_IMPLEMENTATION,COMPLETE_FOR_DOCUMENTATION
NEED-007,SYS-006,PRO-008,ADR-033;ADR-034;ADR-042,MOD-PROTO;ART-CTX-COMP;ART-CTX-MANIFEST,VC-PRO-008,evidence/PRO-008/,NOT_EXECUTED_PRE_IMPLEMENTATION,COMPLETE_FOR_DOCUMENTATION
NEED-012,SYS-019,PRO-009,ADR-033;ADR-034;ADR-042,MOD-PROTO;ART-CTX-COMP;ART-CTX-MANIFEST,VC-PRO-009,evidence/PRO-009/,NOT_EXECUTED_PRE_IMPLEMENTATION,COMPLETE_FOR_DOCUMENTATION
NEED-009,SYS-008,PRO-010,ADR-033;ADR-034;ADR-042,MOD-PROTO;ART-CTX-COMP;ART-CTX-MANIFEST,VC-PRO-010,evidence/PRO-010/,NOT_EXECUTED_PRE_IMPLEMENTATION,COMPLETE_FOR_DOCUMENTATION
NEED-008,SYS-011,PRO-011,ADR-033;ADR-034;ADR-042,MOD-PROTO;ART-CTX-COMP;ART-CTX-MANIFEST,VC-PRO-011,evidence/PRO-011/,NOT_EXECUTED_PRE_IMPLEMENTATION,COMPLETE_FOR_DOCUMENTATION
NEED-017,SYS-017,PRO-012,ADR-033;ADR-034;ADR-042,MOD-PROTO;ART-CTX-COMP;ART-CTX-MANIFEST,VC-PRO-012,evidence/PRO-012/,NOT_EXECUTED_PRE_IMPLEMENTATION,COMPLETE_FOR_DOCUMENTATION
NEED-021,SYS-002,CTX-001,ADR-033;ADR-034;ADR-039;ADR-040,ART-CTX-COMP;ART-CTX-MANIFEST;INV-CTX-001;INV-CTX-003,VC-CTX-001,evidence/CTX-001/,NOT_EXECUTED_PRE_IMPLEMENTATION,COMPLETE_FOR_DOCUMENTATION
NEED-021,SYS-002,CTX-002,ADR-033;ADR-034;ADR-039;ADR-040,ART-CTX-COMP;ART-CTX-MANIFEST;INV-CTX-001;INV-CTX-003,VC-CTX-002,evidence/CTX-002/,NOT_EXECUTED_PRE_IMPLEMENTATION,COMPLETE_FOR_DOCUMENTATION
NEED-021,SYS-002,CTX-003,ADR-033;ADR-034;ADR-039;ADR-040,ART-CTX-COMP;ART-CTX-MANIFEST;INV-CTX-001;INV-CTX-003,VC-CTX-003,evidence/CTX-003/,NOT_EXECUTED_PRE_IMPLEMENTATION,COMPLETE_FOR_DOCUMENTATION
NEED-021,SYS-002,CTX-004,ADR-033;ADR-034;ADR-039;ADR-040,ART-CTX-COMP;ART-CTX-MANIFEST;INV-CTX-001;INV-CTX-003,VC-CTX-004,evidence/CTX-004/,NOT_EXECUTED_PRE_IMPLEMENTATION,COMPLETE_FOR_DOCUMENTATION
NEED-020,SYS-008,CTX-005,ADR-033;ADR-034;ADR-039;ADR-040,ART-CTX-COMP;ART-CTX-MANIFEST;INV-CTX-001;INV-CTX-003,VC-CTX-005,evidence/CTX-005/,NOT_EXECUTED_PRE_IMPLEMENTATION,COMPLETE_FOR_DOCUMENTATION
NEED-020,SYS-008,CTX-006,ADR-033;ADR-034;ADR-039;ADR-040,ART-CTX-COMP;ART-CTX-MANIFEST;INV-CTX-001;INV-CTX-003,VC-CTX-006,evidence/CTX-006/,NOT_EXECUTED_PRE_IMPLEMENTATION,COMPLETE_FOR_DOCUMENTATION
NEED-019,SYS-006,CTX-007,ADR-033;ADR-034;ADR-039;ADR-040,ART-CTX-COMP;ART-CTX-MANIFEST;INV-CTX-001;INV-CTX-003,VC-CTX-007,evidence/CTX-007/,NOT_EXECUTED_PRE_IMPLEMENTATION,COMPLETE_FOR_DOCUMENTATION
NEED-021,SYS-002,CTX-008,ADR-033;ADR-034;ADR-039;ADR-040,ART-CTX-COMP;ART-CTX-MANIFEST;INV-CTX-001;INV-CTX-003,VC-CTX-008,evidence/CTX-008/,NOT_EXECUTED_PRE_IMPLEMENTATION,COMPLETE_FOR_DOCUMENTATION
NEED-021,SYS-002,CTX-009,ADR-033;ADR-034;ADR-039;ADR-040,ART-CTX-COMP;ART-CTX-MANIFEST;INV-CTX-001;INV-CTX-003,VC-CTX-009,evidence/CTX-009/,NOT_EXECUTED_PRE_IMPLEMENTATION,COMPLETE_FOR_DOCUMENTATION
NEED-020,SYS-008,CTX-010,ADR-033;ADR-034;ADR-039;ADR-040,ART-CTX-COMP;ART-CTX-MANIFEST;INV-CTX-001;INV-CTX-003,VC-CTX-010,evidence/CTX-010/,NOT_EXECUTED_PRE_IMPLEMENTATION,COMPLETE_FOR_DOCUMENTATION
NEED-021,SYS-004,CTX-011,ADR-033;ADR-034;ADR-039;ADR-040,ART-CTX-COMP;ART-CTX-MANIFEST;INV-CTX-001;INV-CTX-003,VC-CTX-011,evidence/CTX-011/,NOT_EXECUTED_PRE_IMPLEMENTATION,COMPLETE_FOR_DOCUMENTATION
NEED-013,SYS-014,CTX-012,ADR-033;ADR-034;ADR-039;ADR-040,ART-CTX-COMP;ART-CTX-MANIFEST;INV-CTX-001;INV-CTX-003,VC-CTX-012,evidence/CTX-012/,NOT_EXECUTED_PRE_IMPLEMENTATION,COMPLETE_FOR_DOCUMENTATION
NEED-014,SYS-017,CTX-013,ADR-033;ADR-034;ADR-039;ADR-040,ART-CTX-COMP;ART-CTX-MANIFEST;INV-CTX-001;INV-CTX-003,VC-CTX-013,evidence/CTX-013/,NOT_EXECUTED_PRE_IMPLEMENTATION,COMPLETE_FOR_DOCUMENTATION
NEED-019,SYS-019,CTX-014,ADR-033;ADR-034;ADR-039;ADR-040,ART-CTX-COMP;ART-CTX-MANIFEST;INV-CTX-001;INV-CTX-003,VC-CTX-014,evidence/CTX-014/,NOT_EXECUTED_PRE_IMPLEMENTATION,COMPLETE_FOR_DOCUMENTATION
NEED-021,SYS-002,CTX-015,ADR-033;ADR-034;ADR-039;ADR-040,ART-CTX-COMP;ART-CTX-MANIFEST;INV-CTX-001;INV-CTX-003,VC-CTX-015,evidence/CTX-015/,NOT_EXECUTED_PRE_IMPLEMENTATION,COMPLETE_FOR_DOCUMENTATION
NEED-020,SYS-003,GAT-001,ADR-030;ADR-031;ADR-032;ADR-034;ADR-035,GATE-EXPECT-ADMIT;GATE-DISPATCH;ART-PERMIT;ART-CROSSING,VC-GAT-001,evidence/GAT-001/,NOT_EXECUTED_PRE_IMPLEMENTATION,COMPLETE_FOR_DOCUMENTATION
NEED-020,SYS-003,GAT-002,ADR-030;ADR-031;ADR-032;ADR-034;ADR-035,GATE-EXPECT-ADMIT;GATE-DISPATCH;ART-PERMIT;ART-CROSSING,VC-GAT-002,evidence/GAT-002/,NOT_EXECUTED_PRE_IMPLEMENTATION,COMPLETE_FOR_DOCUMENTATION
NEED-020,SYS-008,GAT-003,ADR-030;ADR-031;ADR-032;ADR-034;ADR-035,GATE-EXPECT-ADMIT;GATE-DISPATCH;ART-PERMIT;ART-CROSSING,VC-GAT-003,evidence/GAT-003/,NOT_EXECUTED_PRE_IMPLEMENTATION,COMPLETE_FOR_DOCUMENTATION
NEED-020,SYS-008,GAT-004,ADR-030;ADR-031;ADR-032;ADR-034;ADR-035,GATE-EXPECT-ADMIT;GATE-DISPATCH;ART-PERMIT;ART-CROSSING,VC-GAT-004,evidence/GAT-004/,NOT_EXECUTED_PRE_IMPLEMENTATION,COMPLETE_FOR_DOCUMENTATION
NEED-022,SYS-003,GAT-005,ADR-030;ADR-031;ADR-032;ADR-034;ADR-035,GATE-EXPECT-ADMIT;GATE-DISPATCH;ART-PERMIT;ART-CROSSING,VC-GAT-005,evidence/GAT-005/,NOT_EXECUTED_PRE_IMPLEMENTATION,COMPLETE_FOR_DOCUMENTATION
NEED-022,SYS-003,GAT-006,ADR-030;ADR-031;ADR-032;ADR-034;ADR-035,GATE-EXPECT-ADMIT;GATE-DISPATCH;ART-PERMIT;ART-CROSSING,VC-GAT-006,evidence/GAT-006/,NOT_EXECUTED_PRE_IMPLEMENTATION,COMPLETE_FOR_DOCUMENTATION
NEED-022,SYS-003,GAT-007,ADR-030;ADR-031;ADR-032;ADR-034;ADR-035,GATE-EXPECT-ADMIT;GATE-DISPATCH;ART-PERMIT;ART-CROSSING,VC-GAT-007,evidence/GAT-007/,NOT_EXECUTED_PRE_IMPLEMENTATION,COMPLETE_FOR_DOCUMENTATION
NEED-022,SYS-003,GAT-008,ADR-030;ADR-031;ADR-032;ADR-034;ADR-035,GATE-EXPECT-ADMIT;GATE-DISPATCH;ART-PERMIT;ART-CROSSING,VC-GAT-008,evidence/GAT-008/,NOT_EXECUTED_PRE_IMPLEMENTATION,COMPLETE_FOR_DOCUMENTATION
NEED-020,SYS-008,GAT-009,ADR-030;ADR-031;ADR-032;ADR-034;ADR-035,GATE-EXPECT-ADMIT;GATE-DISPATCH;ART-PERMIT;ART-CROSSING,VC-GAT-009,evidence/GAT-009/,NOT_EXECUTED_PRE_IMPLEMENTATION,COMPLETE_FOR_DOCUMENTATION
NEED-020,SYS-008,GAT-010,ADR-030;ADR-031;ADR-032;ADR-034;ADR-035,GATE-EXPECT-ADMIT;GATE-DISPATCH;ART-PERMIT;ART-CROSSING,VC-GAT-010,evidence/GAT-010/,NOT_EXECUTED_PRE_IMPLEMENTATION,COMPLETE_FOR_DOCUMENTATION
NEED-019,SYS-004,GAT-011,ADR-030;ADR-031;ADR-032;ADR-034;ADR-035,GATE-EXPECT-ADMIT;GATE-DISPATCH;ART-PERMIT;ART-CROSSING,VC-GAT-011,evidence/GAT-011/,NOT_EXECUTED_PRE_IMPLEMENTATION,COMPLETE_FOR_DOCUMENTATION
NEED-020,SYS-003,GAT-012,ADR-030;ADR-031;ADR-032;ADR-034;ADR-035,GATE-EXPECT-ADMIT;GATE-DISPATCH;ART-PERMIT;ART-CROSSING,VC-GAT-012,evidence/GAT-012/,NOT_EXECUTED_PRE_IMPLEMENTATION,COMPLETE_FOR_DOCUMENTATION
NEED-022,SYS-008,GAT-013,ADR-030;ADR-031;ADR-032;ADR-034;ADR-035,GATE-EXPECT-ADMIT;GATE-DISPATCH;ART-PERMIT;ART-CROSSING,VC-GAT-013,evidence/GAT-013/,NOT_EXECUTED_PRE_IMPLEMENTATION,COMPLETE_FOR_DOCUMENTATION
NEED-022,SYS-008,GAT-014,ADR-030;ADR-031;ADR-032;ADR-034;ADR-035,GATE-EXPECT-ADMIT;GATE-DISPATCH;ART-PERMIT;ART-CROSSING,VC-GAT-014,evidence/GAT-014/,NOT_EXECUTED_PRE_IMPLEMENTATION,COMPLETE_FOR_DOCUMENTATION
NEED-023,SYS-020,GAT-015,ADR-030;ADR-031;ADR-032;ADR-034;ADR-035,GATE-EXPECT-ADMIT;GATE-DISPATCH;ART-PERMIT;ART-CROSSING,VC-GAT-015,evidence/GAT-015/,NOT_EXECUTED_PRE_IMPLEMENTATION,COMPLETE_FOR_DOCUMENTATION
NEED-021,SYS-005,PMC-001,ADR-037;ADR-038,SUB-PROMPT;ART-PROMPT;INV-PROMPT-001,VC-PMC-001,evidence/PMC-001/,NOT_EXECUTED_PRE_IMPLEMENTATION,COMPLETE_FOR_DOCUMENTATION
NEED-021,SYS-005,PMC-002,ADR-037;ADR-038,SUB-PROMPT;ART-PROMPT;INV-PROMPT-001,VC-PMC-002,evidence/PMC-002/,NOT_EXECUTED_PRE_IMPLEMENTATION,COMPLETE_FOR_DOCUMENTATION
NEED-021,SYS-005,PMC-003,ADR-037;ADR-038,SUB-PROMPT;ART-PROMPT;INV-PROMPT-001,VC-PMC-003,evidence/PMC-003/,NOT_EXECUTED_PRE_IMPLEMENTATION,COMPLETE_FOR_DOCUMENTATION
NEED-014,SYS-017,PMC-004,ADR-037;ADR-038,SUB-PROMPT;ART-PROMPT;INV-PROMPT-001,VC-PMC-004,evidence/PMC-004/,NOT_EXECUTED_PRE_IMPLEMENTATION,COMPLETE_FOR_DOCUMENTATION
NEED-021,SYS-005,PMC-005,ADR-037;ADR-038,SUB-PROMPT;ART-PROMPT;INV-PROMPT-001,VC-PMC-005,evidence/PMC-005/,NOT_EXECUTED_PRE_IMPLEMENTATION,COMPLETE_FOR_DOCUMENTATION
NEED-021,SYS-005,PMC-006,ADR-037;ADR-038,SUB-PROMPT;ART-PROMPT;INV-PROMPT-001,VC-PMC-006,evidence/PMC-006/,NOT_EXECUTED_PRE_IMPLEMENTATION,COMPLETE_FOR_DOCUMENTATION
NEED-021,SYS-005,PMC-007,ADR-037;ADR-038,SUB-PROMPT;ART-PROMPT;INV-PROMPT-001,VC-PMC-007,evidence/PMC-007/,NOT_EXECUTED_PRE_IMPLEMENTATION,COMPLETE_FOR_DOCUMENTATION
NEED-019,SYS-004,PMC-008,ADR-037;ADR-038,SUB-PROMPT;ART-PROMPT;INV-PROMPT-001,VC-PMC-008,evidence/PMC-008/,NOT_EXECUTED_PRE_IMPLEMENTATION,COMPLETE_FOR_DOCUMENTATION
NEED-019,SYS-018,MRS-001,ADR-042,MOD-PROTO;INV-AUTH-001;INV-CTX-003,VC-MRS-001,evidence/MRS-001/,NOT_EXECUTED_PRE_IMPLEMENTATION,COMPLETE_FOR_DOCUMENTATION
NEED-019,SYS-018,MRS-002,ADR-042,MOD-PROTO;INV-AUTH-001;INV-CTX-003,VC-MRS-002,evidence/MRS-002/,NOT_EXECUTED_PRE_IMPLEMENTATION,COMPLETE_FOR_DOCUMENTATION
NEED-019,SYS-018,MRS-003,ADR-042,MOD-PROTO;INV-AUTH-001;INV-CTX-003,VC-MRS-003,evidence/MRS-003/,NOT_EXECUTED_PRE_IMPLEMENTATION,COMPLETE_FOR_DOCUMENTATION
NEED-019,SYS-018,MRS-004,ADR-042,MOD-PROTO;INV-AUTH-001;INV-CTX-003,VC-MRS-004,evidence/MRS-004/,NOT_EXECUTED_PRE_IMPLEMENTATION,COMPLETE_FOR_DOCUMENTATION
NEED-019,SYS-018,MRS-005,ADR-042,MOD-PROTO;INV-AUTH-001;INV-CTX-003,VC-MRS-005,evidence/MRS-005/,NOT_EXECUTED_PRE_IMPLEMENTATION,COMPLETE_FOR_DOCUMENTATION
NEED-019,SYS-018,MRS-006,ADR-042,MOD-PROTO;INV-AUTH-001;INV-CTX-003,VC-MRS-006,evidence/MRS-006/,NOT_EXECUTED_PRE_IMPLEMENTATION,COMPLETE_FOR_DOCUMENTATION
NEED-019,SYS-019,MRS-007,ADR-042,MOD-PROTO;INV-AUTH-001;INV-CTX-003,VC-MRS-007,evidence/MRS-007/,NOT_EXECUTED_PRE_IMPLEMENTATION,COMPLETE_FOR_DOCUMENTATION
NEED-019,SYS-018,MRS-008,ADR-042,MOD-PROTO;INV-AUTH-001;INV-CTX-003,VC-MRS-008,evidence/MRS-008/,NOT_EXECUTED_PRE_IMPLEMENTATION,COMPLETE_FOR_DOCUMENTATION
NEED-019,SYS-018,MRS-009,ADR-042,MOD-PROTO;INV-AUTH-001;INV-CTX-003,VC-MRS-009,evidence/MRS-009/,NOT_EXECUTED_PRE_IMPLEMENTATION,COMPLETE_FOR_DOCUMENTATION
NEED-019,SYS-018,MRS-010,ADR-042,MOD-PROTO;INV-AUTH-001;INV-CTX-003,VC-MRS-010,evidence/MRS-010/,NOT_EXECUTED_PRE_IMPLEMENTATION,COMPLETE_FOR_DOCUMENTATION
NEED-009,SYS-008,Q-001,ADR-029;ADR-030;ADR-033;ADR-035;ADR-036;ADR-042,MOD-MEM;MOD-CORE;MOD-MASTER;MOD-MONADE;MOD-GW;MOD-PROTO,VC-Q-001,evidence/Q-001/,NOT_EXECUTED_PRE_IMPLEMENTATION,COMPLETE_FOR_DOCUMENTATION
NEED-008,SYS-011,Q-002,ADR-029;ADR-030;ADR-033;ADR-035;ADR-036;ADR-042,MOD-MEM;MOD-CORE;MOD-MASTER;MOD-MONADE;MOD-GW;MOD-PROTO,VC-Q-002,evidence/Q-002/,NOT_EXECUTED_PRE_IMPLEMENTATION,COMPLETE_FOR_DOCUMENTATION
NEED-017,SYS-017,Q-003,ADR-029;ADR-030;ADR-033;ADR-035;ADR-036;ADR-042,MOD-MEM;MOD-CORE;MOD-MASTER;MOD-MONADE;MOD-GW;MOD-PROTO,VC-Q-003,evidence/Q-003/,NOT_EXECUTED_PRE_IMPLEMENTATION,COMPLETE_FOR_DOCUMENTATION
NEED-013,SYS-013,Q-004,ADR-036,MOD-MONADE,VC-Q-004,evidence/Q-004/,NOT_EXECUTED_PRE_IMPLEMENTATION,COMPLETE_FOR_DOCUMENTATION
NEED-013,SYS-013,Q-005,ADR-036,MOD-MONADE,VC-Q-005,evidence/Q-005/,NOT_EXECUTED_PRE_IMPLEMENTATION,COMPLETE_FOR_DOCUMENTATION
NEED-012,SYS-012,Q-006,ADR-029;ADR-030;ADR-033;ADR-035;ADR-036;ADR-042,MOD-MEM;MOD-CORE;MOD-MASTER;MOD-MONADE;MOD-GW;MOD-PROTO,VC-Q-006,evidence/Q-006/,NOT_EXECUTED_PRE_IMPLEMENTATION,COMPLETE_FOR_DOCUMENTATION
NEED-007,SYS-006,Q-007,ADR-029;ADR-030;ADR-033;ADR-035;ADR-036;ADR-042,MOD-MEM;MOD-CORE;MOD-MASTER;MOD-MONADE;MOD-GW;MOD-PROTO,VC-Q-007,evidence/Q-007/,NOT_EXECUTED_PRE_IMPLEMENTATION,COMPLETE_FOR_DOCUMENTATION
NEED-016,SYS-016,Q-008,ADR-029;ADR-030;ADR-033;ADR-035;ADR-036;ADR-042,MOD-MEM;MOD-CORE;MOD-MASTER;MOD-MONADE;MOD-GW;MOD-PROTO,VC-Q-008,evidence/Q-008/,NOT_EXECUTED_PRE_IMPLEMENTATION,COMPLETE_FOR_DOCUMENTATION
NEED-014,SYS-014,Q-009,ADR-029;ADR-030;ADR-033;ADR-035;ADR-036;ADR-042,MOD-MEM;MOD-CORE;MOD-MASTER;MOD-MONADE;MOD-GW;MOD-PROTO,VC-Q-009,evidence/Q-009/,NOT_EXECUTED_PRE_IMPLEMENTATION,COMPLETE_FOR_DOCUMENTATION
NEED-012,SYS-012,Q-010,ADR-029;ADR-030;ADR-033;ADR-035;ADR-036;ADR-042,MOD-MEM;MOD-CORE;MOD-MASTER;MOD-MONADE;MOD-GW;MOD-PROTO,VC-Q-010,evidence/Q-010/,NOT_EXECUTED_PRE_IMPLEMENTATION,COMPLETE_FOR_DOCUMENTATION
